document_id,entity_id,document_no,doc_type,status,description,date_modified,modified_by,category,discipline_id,title,rev,reference_link,volume,book,customer_ref,doc_source,parent_discipline_id,type,entity_source,hash,metadata,extracted_at,extractor_version,last_updated_at,updated_by,rfp_id,toc_json
,,16-99-11-0606,document,IFD,,,,,,PROJECT DESIGN BASIS,1,,1,,,sahild Phase 2 feed.xlsx,,BOD,,,,,,,,,
,,T13000073,document,IFD,,,,,,TOPOGRAPHICAL SURVEY REPORT (ACES),1,,1,,,sahild Phase 2 feed.xlsx,,REP,,,,,,,,,
,,16-01-08-0624,drawing,IFD,,,,,,PROCESS FLOW DIAGRAM - WATER TREATMENT AND FUEL GAS - SAHIL CDS,1,,2,,,sahild Phase 2 feed.xlsx,,PFD,,,,,,,,,
,,16-01-08-0625,drawing,IFD,,,,,,PIPING & INSTRUMENT DIAGRAM MULTIPHASE FLOWMETER FT-0604 SAHIL CDS,1,,2,,,sahild Phase 2 feed.xlsx,,PID,,,,,,,,,
,,16-01-08-0626,drawing,IFD,,,,,,UTILITY FLOW DIAGRAM - WATER DISPOSAL TANKS VAPOUR RECOVERY COMPRESSOR PACKAGE U-3803 - SAHIL CDS,1,,2,,,sahild Phase 2 feed.xlsx,,PFD,,,,,,,,,
,,16-01-08-0627,drawing,IFD,,,,,,UTILITY FLOW DIAGRAM (NEW) LP FLARE HEADER - SAHIL CDS,1,,2,,,sahild Phase 2 feed.xlsx,,PFD,,,,,,,,,
,,16-01-08-0633,drawing,IFD,,,,,,PIPING & INSTRUMENT DIAGRAM SCALE INHIBITOR INJECTION PACKAGE SAHIL CDS,1,,2,,,sahild Phase 2 feed.xlsx,,PID,,,,,,,,,
,,16-01-08-0636,drawing,IFD,,,,,,PIPING & INSTRUMENT DIAGRAM SKIMMER TANK SK-2401 SAHIL CDS,1,,2,,,sahild Phase 2 feed.xlsx,,PID,,,,,,,,,
,,16-01-08-0637,drawing,IFD,,,,,,PIPING & INSTRUMENT DIAGRAM WATER DISPOSAL TANK T-2402 SAHIL CDS,1,,2,,,sahild Phase 2 feed.xlsx,,PID,,,,,,,,,
,,16-01-08-0638,drawing,IFD,,,,,,PIPING & INSTRUMENT DIAGRAM WATER DISPOSAL TANK T-2403 SAHIL CDS,2,,2,,,sahild Phase 2 feed.xlsx,,PID,,,,,,,,,
,,16-01-08-0639,drawing,IFD,,,,,,PIPING & INSTRUMENT DIAGRAM WATER DISPOSAL PUMPS P-2405/P-2406 SAHIL CDS,1,,2,,,sahild Phase 2 feed.xlsx,,PID,,,,,,,,,
,,16-01-08-0640,drawing,IFD,,,,,,PIPING & INSTRUMENT DIAGRAM DISPOSAL WATER PUMPS (P-2407/2408),2,,2,,,sahild Phase 2 feed.xlsx,,PID,,,,,,,,,
,,16-01-08-0641,drawing,IFD,,,,,,PIPING & INSTRUMENT DIAGRAM WATER DISPOSAL DISTRIBUTION MANIFOLD SAHIL CDS,1,,2,,,sahild Phase 2 feed.xlsx,,PID,,,,,,,,,
,,16-01-08-0643,drawing,IFD,,,,,,PIPING & INSTRUMENT DIAGRAM RECOVERED OIL COLLECTION TANK V-1102 SAHIL CDS,1,,2,,,sahild Phase 2 feed.xlsx,,PID,,,,,,,,,
,,16-01-08-0644,drawing,IFD,,,,,,PIPING & INSTRUMENT DIAGRAM NITROGEN DISTRIBUTION HEADER -  SAHIL CDS,1,,2,,,sahild Phase 2 feed.xlsx,,PID,,,,,,,,,
,,16-01-08-0645,drawing,IFD,,,,,,PIPING & INSTRUMENT DIAGRAM INSTRUMENT & PLANT AIR DISTRIBUTION HEADERS SAHIL CDS,2,,2,,,sahild Phase 2 feed.xlsx,,PID,,,,,,,,,
,,16-01-08-0646,drawing,IFD,,,,,,PIPING & INSTRUMENT DIAGRAM NITROGEN & PLANT AIR DISTRIBUTION SAHIL CDS,1,,2,,,sahild Phase 2 feed.xlsx,,PID,,,,,,,,,
,,16-01-08-0647,drawing,IFD,,,,,,PIPING & INSTRUMENT DIAGRAM NEW CLOSED DRAIN COLLECTION HEADER SAHIL CDS,1,,2,,,sahild Phase 2 feed.xlsx,,PID,,,,,,,,,
,,16-01-08-0648,drawing,IFD,,,,,,PIPING & INSTRUMENT DIAGRAM LP FLARE HEADER SAHIL CDS,1,,2,,,sahild Phase 2 feed.xlsx,,PID,,,,,,,,,
,,16-01-08-0649,drawing,IFD,,,,,,PIPING & INSTRUMENT DIAGRAM VAPOUR RECOVERY COMPRESSOR PACKAGE U-3803 SAHIL CDS,1,,2,,,sahild Phase 2 feed.xlsx,,PID,,,,,,,,,
,,16-01-08-0653,drawing,IFD,,,,,,PIPING & INSTRUMENT DIAGRAM POTABLE WATER SYSTEM -  SAHIL CDS,1,,2,,,sahild Phase 2 feed.xlsx,,PID,,,,,,,,,
,,16-01-08-0657,drawing,IFD,,,,,,PIPING & INSTRUMENT DIAGRAM V-0313 PRODUCTION HEADER SAHIL CDS,1,,2,,,sahild Phase 2 feed.xlsx,,PID,,,,,,,,,
,,16-01-08-0662,drawing,IFD,,,,,,PIPING & INSTRUMENT DIAGRAM INSTRUMENT AIR DISTRIBUTION SAHIL CDS,1,,2,,,sahild Phase 2 feed.xlsx,,PID,,,,,,,,,
,,16-01-08-0672,drawing,IFD,,,,,,PROCESS FLOW DIAGRAM - MANIFOLDS & PRODUCTION HEADER (NEW) - SAHIL CDS,1,,2,,,sahild Phase 2 feed.xlsx,,PFD,,,,,,,,,
,,16-01-08-0673,drawing,IFD,,,,,,PIPING & INSTRUMENT DIAGRAM MULTI PHASE FLOW METER FT-0605,2,,2,,,sahild Phase 2 feed.xlsx,,PID,,,,,,,,,
,,16-01-08-0685-0001,drawing,IFD,,,,,,PIPING & INSTRUMENT DIAGRAM MP FLARE HEADER SAHIL CDS,1,,2,,,sahild Phase 2 feed.xlsx,,PID,,,,,,,,,
,,16-01-08-0685-0002,drawing,IFD,,,,,,PIPING & INSTRUMENT DIAGRAM MP FLARE HEADER SAHIL CDS,1,,2,,,sahild Phase 2 feed.xlsx,,PID,,,,,,,,,
,,16-01-08-0697,drawing,IFD,,,,,,PIPING & INSTRUMENT DIAGRAM MAKE-UP UNIT U-6001 SAHIL CDS,1,,2,,,sahild Phase 2 feed.xlsx,,PID,,,,,,,,,
,,16-01-08-0698,drawing,IFD,,,,,,UTILITY FLOW DIAGRAM (NEW) PIPE FLARE HEADER - SAHIL CDS,1,,2,,,sahild Phase 2 feed.xlsx,,PFD,,,,,,,,,
,,16-01-11-0655,drawing,IFD,,,,,,PROCESS SAFEGUARDING DIAGRAM WATER TREATMENT AND FUEL GAS - SAHIL CDS,1,,2,,,sahild Phase 2 feed.xlsx,,PSF,,,,,,,,,
,,16-01-11-0656,drawing,IFD,,,,,,UTILITY SAFEGUARDING DIAGRAM WATER DISPOSAL TANKS VAPOUR RECOVERY COMPRESSOR PACKAGE U-3803 - SAHIL CDS,1,,2,,,sahild Phase 2 feed.xlsx,,PSF,,,,,,,,,
,,16-01-11-0663,drawing,IFD,,,,,,PROCESS SAFEGUARDING DIAGRAM MANIFOLD & PRODUCTION HEADER (NEW) - SAHIL CDS,1,,2,,,sahild Phase 2 feed.xlsx,,PSF,,,,,,,,,
,,16-01-17-0650,document,IFD,,,,,,LINE SCHEDULE,1,,2,,,sahild Phase 2 feed.xlsx,,LST,,,,,,,,,
,,16-01-26-0651,document,IFD,,,,,,EQUIPMENT LIST - LOCATION - SAHIL CDS,1,,2,,,sahild Phase 2 feed.xlsx,,LST,,,,,,,,,
,,16-01-27-0661,document,IFD,,,,,,PROCESS DATA SHEET FOR WATER DISPOSAL PUMPS - 16-01-P-2407 / 2408,1,,2,,,sahild Phase 2 feed.xlsx,,DAS,,,,,,,,,
,,16-01-27-0686,document,IFD,,,,,,PROCESS DATA SHEET FOR MULTI-PHASE FLOW METER 16-01-FT-0605,1,,2,,,sahild Phase 2 feed.xlsx,,DAS,,,,,,,,,
,,16-01-27-1151,document,IFD,,,,,,"PROCESS DATA SHEET FOR OIL SKIMMER FOR EXISTING TANKS 16-01-SK-2401, 16-01-SK-2402 AND NEW TANK 16-01-SK-2403",1,,2,,,sahild Phase 2 feed.xlsx,,DAS,,,,,,,,,
,,16-01-34-0660,drawing,IFD,,,,,,PROCESS DATA SHEET FOR WATER DISPOSAL TANK 16-01-T-2403,2,,2,,,sahild Phase 2 feed.xlsx,,DPP,,,,,,,,,
,,16-01-38-0731,drawing,IFD,,,,,,MATERIAL SELECTION DIAGRAM - MANIFOLDS & PRODUCTION HEADER (NEW),1,,2,,,sahild Phase 2 feed.xlsx,,MSD,,,,,,,,,
,,16-01-38-0732,drawing,IFD,,,,,,MATERIAL SELECTION DIAGRAM - WATER DISPOSAL TANKS VAPOUR RECOVERY COMPRESSOR PACKAGE U-3803,1,,2,,,sahild Phase 2 feed.xlsx,,MSD,,,,,,,,,
,,16-01-38-0733,drawing,IFD,,,,,,MATERIAL SELECTION DIAGRAM - WATER TREATMENT AND FUEL GAS,1,,2,,,sahild Phase 2 feed.xlsx,,MSD,,,,,,,,,
,,16-01-38-0734,drawing,IFD,,,,,,UTILITY MATERIAL SELECTION DIAGRAM (NEW) LP FLARE HEADER,1,,2,,,sahild Phase 2 feed.xlsx,,MSD,,,,,,,,,
,,16-01-38-0735,drawing,IFD,,,,,,MATERIAL SELECTION DIAGRAM (NEW) PIPE FLARE HEADER,1,,2,,,sahild Phase 2 feed.xlsx,,MSD,,,,,,,,,
,,16-01-42-0652,drawing,IFD,,,,,,CAUSE & EFFET DIAGRAM - PRODUCED WATER SYSTEM (EQUIPMENT DETAILS) - SAHIL CDS,1,,2,,,sahild Phase 2 feed.xlsx,,DCE,,,,,,,,,
,,16-70-08-0630,drawing,IFD,,,,,,PIPING & INSTRUMENT DIAGRAM WATER DISPOSAL WELL SAHIL CDS,1,,2,,,sahild Phase 2 feed.xlsx,,PID,,,,,,,,,
,,16-70-08-0642,drawing,IFD,,,,,,PIPING & INSTRUMENT DIAGRAM WATER DISPOSAL WELL SA-247,1,,2,,,sahild Phase 2 feed.xlsx,,PID,,,,,,,,,
,,16-99-11-0635,document,IFD,,,,,,FLUID LIST,1,,2,,,sahild Phase 2 feed.xlsx,,LST,,,,,,,,,
,,16-99-90-0699,document,IFD,,,,,,SPPID EXECUTION PHILOSOPHY FOR FEED,1,,2,,,sahild Phase 2 feed.xlsx,,PRO,,,,,,,,,
,,16-99-91-0621,document,IFD,,,,,,PROCESS DESIGN BASIS,2,,2,,,sahild Phase 2 feed.xlsx,,BOD,,,,,,,,,
,,16-99-91-0622,document,IFD,,,,,,PROCESS AND UTILITIES DESCRIPTION,1,,2,,,sahild Phase 2 feed.xlsx,,REP,,,,,,,,,
,,16-99-91-0623,document,IFD,,,,,,DISPOSAL WATER SYSTEM - NEW GRE PIPELINES STEADY STATE HYDRAULICS REPORT,1,,2,,,sahild Phase 2 feed.xlsx,,REP,,,,,,,,,
,,16-99-91-0634,drawing,IFD,,,,,,HEAT AND MATERIALS BALANCE YEAR 2027 SAHIL CDS,1,,2,,,sahild Phase 2 feed.xlsx,,PFD,,,,,,,,,
,,16-99-91-0659,document,IFD,,,,,,UTILITY & CHEMICAL CONSUMPTION SUMMARY,1,,2,,,sahild Phase 2 feed.xlsx,,LST,,,,,,,,,
,,16-99-91-0670,document,IFU,,,,,,CALCULATION REPORT,1,,2,,,sahild Phase 2 feed.xlsx,,CAL,,,,,,,,,
,,16-99-91-0671,document,IFD,,,,,,CHANGE OVER PHILOSOPHY,1,,2,,,sahild Phase 2 feed.xlsx,,PHL,,,,,,,,,
,,16-99-91-0729,document,IFD,,,,,,EXISTING DISPOSAL WATER TANKS INTERNALS STUDY,1,,2,,,sahild Phase 2 feed.xlsx,,REP,,,,,,,,,
,,16-99-91-0730,document,IFD,,,,,,CORROSION CONTROL AND MATERIAL SELECTION REPORT,1,,2,,,sahild Phase 2 feed.xlsx,,REP,,,,,,,,,
,,16-01-53-0611,document,IFD,,,,,,SPECIFICATION FOR HV POWER CABLES,1,,3,1 of 2,,sahild Phase 2 feed.xlsx,,SPC,,,,,,,,,
,,16-01-53-0612,document,IFD,,,,,,"SPECIFICATION FOR LV POWER, CONTROL & EARTHING CABLES",1,,3,1 of 2,,sahild Phase 2 feed.xlsx,,SPC,,,,,,,,,
,,16-01-53-0613,document,IFD,,,,,,SPECIFICATION FOR ELECTRICAL REQUIREMENTS FOR PACKAGED UNITS,1,,3,1 of 2,,sahild Phase 2 feed.xlsx,,SPC,,,,,,,,,
,,16-01-53-0614,document,IFD,,,,,,SPECIFICATION FOR ELECTRICAL MOTORS (CAGE INDUCTION TYPE),1,,3,1 of 2,,sahild Phase 2 feed.xlsx,,SPC,,,,,,,,,
,,16-01-53-0617,document,IFD,,,,,,SPECIFICATION FOR HAZARDOUS AREA EQUIPMENT AND ELECTRICAL BULK MATERIALS,1,,3,1 of 2,,sahild Phase 2 feed.xlsx,,SPC,,,,,,,,,
,,16-01-53-0618,document,IFD,,,,,,SPECIFICATION FOR ELECTRICAL INSTALLATION,1,,3,1 of 2,,sahild Phase 2 feed.xlsx,,SPC,,,,,,,,,
,,16-01-54-0619,document,IFD,,,,,,ELECTRICAL DATA SHEET - HV POWER CABLES,1,,3,1 of 2,,sahild Phase 2 feed.xlsx,,DAS,,,,,,,,,
,,16-01-54-0620,document,IFD,,,,,,"ELECTRICAL DATA SHEET - LV POWER, CONTROL & EARTHING CABLES",1,,3,1 of 2,,sahild Phase 2 feed.xlsx,,DAS,,,,,,,,,
,,16-01-54-0621,document,IFD,,,,,,ELECTRICAL DATA SHEET - HIGH VOLTAGE (HV) MOTOR,1,,3,1 of 2,,sahild Phase 2 feed.xlsx,,DAS,,,,,,,,,
,,16-01-55-0603,document,IFD,,,,,,ELECTRICAL LOAD LIST - SAHIL CDS,1,,3,1 of 2,,sahild Phase 2 feed.xlsx,,LST,,,,,,,,,
,,16-01-56-0624,drawing,IFD,,,,,,KEY SINGLE LINE DIAGRAM SAHIL CDS,1,,3,1 of 2,,sahild Phase 2 feed.xlsx,,DSL,,,,,,,,,
,,16-01-56-0625-0001,drawing,IFD,,,,,,SINGLE LINE DIAGRAM 16-01-HSWG-4301 (3.3kV) SAHIL CDS SUBSTATION No.4,1,,3,1 of 2,,sahild Phase 2 feed.xlsx,,DSL,,,,,,,,,
,,16-01-56-0625-0002,drawing,IFD,,,,,,SINGLE LINE DIAGRAM 16-01-HSWG-4301 (3.3kV) SAHIL CDS SUBSTATION No.4,1,,3,1 of 2,,sahild Phase 2 feed.xlsx,,DSL,,,,,,,,,
,,16-01-56-0625-0003,drawing,IFD,,,,,,SINGLE LINE DIAGRAM 16-01-HSWG-4301 (3.3kV) SAHIL CDS SUBSTATION No.4,1,,3,1 of 2,,sahild Phase 2 feed.xlsx,,DSL,,,,,,,,,
,,16-01-56-0625-0004,drawing,IFD,,,,,,SINGLE LINE DIAGRAM 16-01-HSWG-4301 (3.3kV) SAHIL CDS SUBSTATION No.4,1,,3,1 of 2,,sahild Phase 2 feed.xlsx,,DSL,,,,,,,,,
,,16-01-56-0625-0005,drawing,IFD,,,,,,SINGLE LINE DIAGRAM 16-01-HSWG-4301 (3.3kV) SAHIL CDS SUBSTATION No.4,1,,3,1 of 2,,sahild Phase 2 feed.xlsx,,DSL,,,,,,,,,
,,16-01-56-0625-0006,drawing,IFD,,,,,,SINGLE LINE DIAGRAM 16-01-HSWG-4301 (3.3kV) SAHIL CDS SUBSTATION No.4,1,,3,1 of 2,,sahild Phase 2 feed.xlsx,,DSL,,,,,,,,,
,,16-01-56-0626,drawing,IFD,,,,,,TYPICAL PROTECTION AND METERING DIAGRAMS  (5 SHEETS),1,,3,1 of 2,,sahild Phase 2 feed.xlsx,,DSD,,,,,,,,,
,,16-01-56-0631-0001,drawing,IFD,,,,,,SINGLE LINE DIAGRAM 16-01-MSWG-4413 (415V) SAHIL CDS SUBSTATION No.4,1,,3,1 of 2,,sahild Phase 2 feed.xlsx,,DSL,,,,,,,,,
,,16-01-56-0631-0002,drawing,IFD,,,,,,SINGLE LINE DIAGRAM 16-01-MSWG-4413 (415V) SAHIL CDS SUBSTATION No.4,1,,3,1 of 2,,sahild Phase 2 feed.xlsx,,DSL,,,,,,,,,
,,16-01-56-0631-0003,drawing,IFD,,,,,,SINGLE LINE DIAGRAM 16-01-MSWG-4413 (415V) SAHIL CDS SUBSTATION No.4,1,,3,1 of 2,,sahild Phase 2 feed.xlsx,,DSL,,,,,,,,,
,,16-01-56-0632,drawing,IFD,,,,,,SINGLE LINE DIAGRAM 16-01-DB-4413-02 - SAHIL CDS-SUBSTATION No.4 (5 SHEETS),2,,3,1 of 2,,sahild Phase 2 feed.xlsx,,DSL,,,,,,,,,
,,16-01-56-0633,drawing,IFD,,,,,,SINGLE LINE DIAGRAM 16-01-DB-4414-02 - SAHIL CDS-SUBSTATION No.4,1,,3,1 of 2,,sahild Phase 2 feed.xlsx,,DSL,,,,,,,,,
,,16-01-56-0634,drawing,IFD,,,,,,SINGLE LINE DIAGRAM 16-01-DB-4413-03 - SAHIL CDS-SUBSTATION No.4,1,,3,1 of 2,,sahild Phase 2 feed.xlsx,,DSL,,,,,,,,,
,,16-01-56-0639,drawing,IFD,,,,,,SINGLE LINE DIAGRAM 16-01-MDB-4413 - SAHIL CDS-SUBSTATION No.4 (5 SHEETS),1,,3,1 of 2,,sahild Phase 2 feed.xlsx,,DSL,,,,,,,,,
,,16-01-56-0640,drawing,IFD,,,,,,ELECTRICAL LIGHTIING SYSTEM BLOCK DIAGRAM DB-4413-02 (CIRCUIT 18) SUBSTATION No.4 - SAHIL CDS,1,,3,1 of 2,,sahild Phase 2 feed.xlsx,,DBD,,,,,,,,,
,,16-01-56-0641,drawing,IFD,,,,,,EMERGENCY LIGHTIING SYSTEM BLOCK DIAGRAM DB-4414-02 (CIRCUIT 1) SUBSTATION No.4 - SAHIL CDS,1,,3,1 of 2,,sahild Phase 2 feed.xlsx,,DBD,,,,,,,,,
,,16-01-58-0636,drawing,IFD,,,,,,ELECTRICAL INTERCONNECTION DIAGRAM PM-2407 3.3kV SWGR MOTOR STARTER SUBSTATION 4 - SAHIL CDS  (4 SHEETS),1,,3,1 of 2,,sahild Phase 2 feed.xlsx,,DSD,,,,,,,,,
,,16-01-58-0637,drawing,IFD,,,,,,ELECTRICAL INTERCONNECTION DIAGRAM PM-2408 3.3kV SWGR MOTOR STARTER SUBSTATION 4 - SAHIL CDS  (4 SHEETS),1,,3,1 of 2,,sahild Phase 2 feed.xlsx,,DSD,,,,,,,,,
,,16-01-59-0651,drawing,IFD,,,,,,ELECTRICAL EQUIPMENT LAYOUT SUBSTATION No.4,1,,3,1 of 2,,sahild Phase 2 feed.xlsx,,DAL,,,,,,,,,
,,16-01-59-0653,drawing,IFD,,,,,,ELECTRICAL CABLE ROUTING LAYOUT SUBSTATION 4 - SAHIL CDS (8 SHEETS),1,,3,1 of 2,,sahild Phase 2 feed.xlsx,,DAL,,,,,,,,,
,,16-01-59-0654,drawing,IFD,,,,,,ELECTRICAL CABLE ROUTING LAYOUT SECTION-V - SAHIL CDS (7 SHEETS),1,,3,1 of 2,,sahild Phase 2 feed.xlsx,,DAL,,,,,,,,,
,,16-01-59-0661,drawing,IFD,,,,,,EARTHING LAYOUT AREA-2 SECTION-F - SAHIL CDS,1,,3,1 of 2,,sahild Phase 2 feed.xlsx,,DAL,,,,,,,,,
,,16-01-59-0662,drawing,IFD,,,,,,EARTHING LAYOUT MPFM AREA SAHIL CDS,1,,3,1 of 2,,sahild Phase 2 feed.xlsx,,DAL,,,,,,,,,
,,16-01-59-0666,drawing,IFD,,,,,,EXTERNAL LIGHTING LAYOUT AREA-2 SECTION-F  SAHIL CDS,2,,3,1 of 2,,sahild Phase 2 feed.xlsx,,DAL,,,,,,,,,
,,16-01-59-0667,drawing,IFD,,,,,,EXTERNAL LIGHTING LAYOUT MPFM AREA SAHIL CDS,2,,3,1 of 2,,sahild Phase 2 feed.xlsx,,DAL,,,,,,,,,
,,16-01-59-0668,drawing,IFD,,,,,,ELECTRICAL LIGHTING LAYOUT WATER DISPOSAL SHELTER FOR PUMPS P-2407/2408 - SAHIL CDS,2,,3,1 of 2,,sahild Phase 2 feed.xlsx,,DAL,,,,,,,,,
,,16-01-63-0604,document,IFD,,,,,,"ELECTRICAL CABLE SCHEDULE FOR HV, LV POWER AND CONTROL CABLES - SAHIL CDS",1,,3,1 of 2,,sahild Phase 2 feed.xlsx,,SCH,,,,,,,,,
,,16-01-63-0605,document,IFD,,,,,,ELECTRICAL BULK MTO - SAHIL CDS,1,,3,1 of 2,,sahild Phase 2 feed.xlsx,,MTO,,,,,,,,,
,,16-01-67-0601,document,IFD,,,,,,SCOPE OF WORK FOR CATHODIC PROTECTION,1,,4,2 of 2,,sahild Phase 2 feed.xlsx,,CAL,,,,,,,,,
,,16-01-67-0606,document,IFD,,,,,,CABLE SIZING CALCULATION,1,,4,2 of 2,,sahild Phase 2 feed.xlsx,,CAL,,,,,,,,,
,,16-01-67-0608,document,IFD,,,,,,LIGHTING CALCULATION,1,,4,2 of 2,,sahild Phase 2 feed.xlsx,,CAL,,,,,,,,,
,,16-01-67-0609,document,IFD,,,,,,EARTHING CALCULATION,1,,4,2 of 2,,sahild Phase 2 feed.xlsx,,CAL,,,,,,,,,
,,16-01-67-0671,document,IFD,,,,,,POWER INSTALLATION STANDARDS (25 SHEETS),1,,4,2 of 2,,sahild Phase 2 feed.xlsx,,STD,,,,,,,,,
,,16-01-67-0672,document,IFD,,,,,,LIGHTING INSTALLATION STANDARDS  (12 SHEETS),1,,4,2 of 2,,sahild Phase 2 feed.xlsx,,STD,,,,,,,,,
,,16-01-67-0673,document,IFD,,,,,,EARTHING INSTALLATION STANDARDS  (19 SHEETS),1,,4,2 of 2,,sahild Phase 2 feed.xlsx,,STD,,,,,,,,,
,,16-01-39-0811,document,IFD,,,,,,GENERAL INSTRUMENT SPECIFICATION,1,,5,1 of 3,,sahild Phase 2 feed.xlsx,,SPC,,,,,,,,,
,,16-01-39-0812,document,IFD,,,,,,SPECIFICATION FOR INSTRUMENT INSTALLATION,1,,5,1 of 3,,sahild Phase 2 feed.xlsx,,SPC,,,,,,,,,
,,16-01-39-0813,document,IFD,,,,,,"MODIFICATION SCOPE OF WORK FOR ICSS SYSTEM (DCS, ESD, FGS)",1,,5,1 of 3,,sahild Phase 2 feed.xlsx,,SOW,,,,,,,,,
,,16-01-39-0814,document,IFD,,,,,,SPECIFICATION FOR MULTIPHASE FLOWMETER,2,,5,1 of 3,,sahild Phase 2 feed.xlsx,,SPC,,,,,,,,,
,,16-01-39-0815,document,IFD,,,,,,SPECIFICATION FOR CONTROL VALVE/SELF ACTING REGULATORS,1,,5,1 of 3,,sahild Phase 2 feed.xlsx,,SPC,,,,,,,,,
,,16-01-39-0816,document,IFD,,,,,,SPECIFICATION FOR SHUTDOWN VALVES,1,,5,1 of 3,,sahild Phase 2 feed.xlsx,,SPC,,,,,,,,,
,,16-01-39-0817,document,IFD,,,,,,SPECIFICATION FOR FIRE AND GAS DETECTORS,1,,5,1 of 3,,sahild Phase 2 feed.xlsx,,SPC,,,,,,,,,
,,16-01-39-0818,document,IFD,,,,,,SPECIFICATION FOR CABLE/JUNCTION BOXES AND INSTRUMENT INSTALLATION BULK MATERIAL,1,,5,1 of 3,,sahild Phase 2 feed.xlsx,,SPC,,,,,,,,,
,,16-01-39-0819,document,IFD,,,,,,SPI EXECUTION PHILOSOPHY FOR FEED,1,,6,2 of 3,,sahild Phase 2 feed.xlsx,,REP,,,,,,,,,
,,16-01-40-0811,document,IFD,,,,,,DATA SHEET FOR PRESSURE & DIFFERENTIAL PRESSURE TRANSMITTERS,1,,6,2 of 3,,sahild Phase 2 feed.xlsx,,DAS,,,,,,,,,
,,16-01-40-0812,document,IFD,,,,,,DATA SHEET FOR LEVEL TRANSMITTERS,1,,6,2 of 3,,sahild Phase 2 feed.xlsx,,DAS,,,,,,,,,
,,16-01-40-0813,document,IFD,,,,,,DATA SHEET FOR MULTI-PHASE FLOW METER 16-01-FT-0605,1,,6,2 of 3,,sahild Phase 2 feed.xlsx,,DAS,,,,,,,,,
,,16-01-40-0814,document,IFD,,,,,,DATA SHEET FOR CONTROL VALVES AND SELF ACTING REGULATORS,1,,6,2 of 3,,sahild Phase 2 feed.xlsx,,DAS,,,,,,,,,
,,16-01-40-0815,document,IFD,,,,,,DATA SHEET FOR ESD VALVE,1,,6,2 of 3,,sahild Phase 2 feed.xlsx,,DAS,,,,,,,,,
,,16-01-40-0817,document,IFD,,,,,,DATA SHEET FOR SAFETY RELIEF VALVES,1,,6,2 of 3,,sahild Phase 2 feed.xlsx,,DAS,,,,,,,,,
,,16-01-40-0818,document,IFD,,,,,,DATA SHEET FOR ROTAMETER,1,,6,2 of 3,,sahild Phase 2 feed.xlsx,,DAS,,,,,,,,,
,,16-01-40-0820,document,IFD,,,,,,DATA SHEET FOR PRESSURE GAUGES,1,,6,2 of 3,,sahild Phase 2 feed.xlsx,,DAS,,,,,,,,,
,,16-01-40-0821,document,IFD,,,,,,DATA SHEET FOR FIRE & GAS DETECTORS,1,,6,2 of 3,,sahild Phase 2 feed.xlsx,,DAS,,,,,,,,,
,,16-01-41-0811,drawing,IFD,,,,,,TYPICAL LOOP / SEGMENT DRAWINGS DCS/ESD/F&G - SAHIL CDS (11 SHEETS),1,,6,2 of 3,,sahild Phase 2 feed.xlsx,,DWG,,,,,,,,,
,,16-01-44-0811,drawing,IFD,,,,,,INSTRUMENTS / JB LOCATION LAYOUTS AREA-2 SECTION-F - SAHIL CDS,1,,6,2 of 3,,sahild Phase 2 feed.xlsx,,DAL,,,,,,,,,
,,16-01-46-0811,drawing,IFD,,,,,,TYPICAL HOOK-UP DRAWINGS,1,,6,2 of 3,,sahild Phase 2 feed.xlsx,,DWG,,,,,,,,,
,,16-01-47-0811,drawing,IFD,,,,,,INSTRUMENT JUNCTION BOX/INTERCONNECTION WIRING DIAGRAM DCS/ESD/F&G - SAHIL CDS,1,,6,2 of 3,,sahild Phase 2 feed.xlsx,,DWD,,,,,,,,,
,,16-01-48-0811,document,IFD,,,,,,INSTRUMENT INDEX - SAHIL CDS,1,,6,2 of 3,,sahild Phase 2 feed.xlsx,,IDX,,,,,,,,,
,,16-01-48-0812,document,IFD,,,,,,DCS I/O LIST,1,,6,2 of 3,,sahild Phase 2 feed.xlsx,,LST,,,,,,,,,
,,16-01-48-0813,document,IFD,,,,,,ESD I/O LIST,1,,6,2 of 3,,sahild Phase 2 feed.xlsx,,LST,,,,,,,,,
,,16-01-48-0814,document,IFD,,,,,,FIRE & GAS INPUT/OUTPUT LIST - SAHIL CDS,1,,6,2 of 3,,sahild Phase 2 feed.xlsx,,LST,,,,,,,,,
,,16-01-48-0815,document,IFD,,,,,,INSTRUMENT CABLE SCHEDULE,1,,6,2 of 3,,sahild Phase 2 feed.xlsx,,SCH,,,,,,,,,
,,16-01-48-0816,document,IFD,,,,,,INSTRUMENT JUNCTION BOX SCHEDULE - SAHIL CDS,1,,6,2 of 3,,sahild Phase 2 feed.xlsx,,SCH,,,,,,,,,
,,16-01-48-0817,document,IFD,,,,,,INSTRUMENT ENGINEERING SHEETS - SAHIL CDS,1,,6,2 of 3,,sahild Phase 2 feed.xlsx,,DAS,,,,,,,,,
,,16-01-48-0821,document,IFD,,,,,,INSTRUMENT MTO - SAHIL PHASE-2,1,,6,2 of 3,,sahild Phase 2 feed.xlsx,,DAS,,,,,,,,,
,,16-01-49-0811,drawing,IFD,,,,,,INSTRUMENTS CABLE TRENCH / CABLE ROUTING LAYOUTS SECTION (14 SHEETS),1,,6,2 of 3,,sahild Phase 2 feed.xlsx,,DAL,,,,,,,,,
,,16-01-52-0811,drawing,IFD,,,,,,ICSS SYSTEM ARCHITECTURE DIAGRAM,1,,6,2 of 3,,sahild Phase 2 feed.xlsx,,DWG,,,,,,,,,
,,16-01-91-0811,document,IFI,,,,,,SITE VISIT REPORT (INSTRUMENTATION),1,,6,2 of 3,,sahild Phase 2 feed.xlsx,,REP,,,,,,,,,
,,16-01-93-0811,document,IFD,,,,,,MATERIAL REQUISITION FOR MULTIPHASE FLOW METER (MPFM),1,,6,2 of 3,,sahild Phase 2 feed.xlsx,,REQ,,,,,,,,,
,,16-01-93-0812,document,IFD,,,,,,MATERIAL REQUISITION FOR CONTROL VALVES/SELF ACTING REGULATORS,1,,7,3 of 3,,sahild Phase 2 feed.xlsx,,REQ,,,,,,,,,
,,16-01-93-0813,document,IFD,,,,,,MATERIAL REQUISITION FOR SHUTDOWN/ ON OFF VALVES,1,,7,3 of 3,,sahild Phase 2 feed.xlsx,,REQ,,,,,,,,,
,,16-70-40-0825,document,IFD,,,,,,DATA SHEET FOR ROTAMETER,1,,7,3 of 3,,sahild Phase 2 feed.xlsx,,DAS,,,,,,,,,
,,16-70-40-0826,document,IFD,,,,,,DATA SHEET FOR PRESSURE GAUGES,1,,7,3 of 3,,sahild Phase 2 feed.xlsx,,DAS,,,,,,,,,
,,16-01-24-0911,document,IFD,,,,,,SPECIFICATION FOR DISPOSAL WATER PUMPS,1,,8,,,sahild Phase 2 feed.xlsx,,SPC,,,,,,,,,
,,16-01-27-0911,document,IFD,,,,,,MECHANICAL DATA SHEET FOR DISPOSAL WATER PUMPS 16-01-P-2407 / 2408,1,,8,,,sahild Phase 2 feed.xlsx,,DAS,,,,,,,,,
,,16-01-31-0911,document,IFU,,,,,,MATERIAL REQUISITION FOR DISPOSAL WATER PUMPS,1,,8,,,sahild Phase 2 feed.xlsx,,REQ,,,,,,,,,
,,16-01-31-0912,document,IFU,,,,,,MECHANICAL HANDLING STUDY REPORT,1,,8,,,sahild Phase 2 feed.xlsx,,REP,,,,,,,,,
,,16-01-32-0911,document,IFU,,,,,,SPECIFICATION FOR WATER DISPOSAL TANK,1,,8,,,sahild Phase 2 feed.xlsx,,SPC,,,,,,,,,
,,16-01-34-0911,document,IFD,,,,,,MECHANICAL DATA SHEET FOR WATER DISPOSAL TANK,2,,8,,,sahild Phase 2 feed.xlsx,,DAS,,,,,,,,,
,,16-01-36-0911,document,IFU,,,,,,MATERIAL REQUISITION FOR WATER DISPOSAL TANK AND FLOATING SKIMMERS,1,,8,,,sahild Phase 2 feed.xlsx,,REQ,,,,,,,,,
,,16-01-04-0601,drawing,AFT,,,,,,OVERALL PLOT PLAN - SAHIL CDS,1,,9,1 of 3,,sahild Phase 2 feed.xlsx,,DPP,,,,,,,,,
,,16-01-04-1003,drawing,IFD,,,,,,PLOT PLAN AREA-2 SAHIL CDS,2,,9,1 of 3,,sahild Phase 2 feed.xlsx,,DPP,,,,,,,,,
,,16-01-11-0983,document,IFD,,,,,,SPECIFICATION FOR PIPING VALVES,1,,9,1 of 3,,sahild Phase 2 feed.xlsx,,SPC,,,,,,,,,
,,16-01-11-0984,document,IFD,,,,,,PIPING FABRICATION INSTALLATION AND TESTING SPECIFICATION,1,,9,1 of 3,,sahild Phase 2 feed.xlsx,,SPC,,,,,,,,,
,,16-01-11-1027-0001,drawing,IFD,,,,,,3D MODEL DESIGN AREA/MODEL INDEX DRAWING AREA-2,1,,9,1 of 3,,sahild Phase 2 feed.xlsx,,DWG,,,,,,,,,
,,16-01-11-1027-0002,drawing,IFD,,,,,,3D MODEL DESIGN AREA/MODEL INDEX DRAWING MPFM AREA-2,1,,9,1 of 3,,sahild Phase 2 feed.xlsx,,DWG,,,,,,,,,
,,16-01-12-0982,document,IFD,,,,,,PIPING MATERIAL SPECIFICATION,1,,9,1 of 3,,sahild Phase 2 feed.xlsx,,SPC,,,,,,,,,
,,16-01-16-1019,document,IFD,,,,,,STANDARD PIPE SUPPORTS DRAWINGS  (55 SHEETS),1,,9,1 of 3,,sahild Phase 2 feed.xlsx,,STD,,,,,,,,,
,,16-01-17-0989,document,IFD,,,,,,VALVE LIST - SAHIL CDS,1,,9,1 of 3,,sahild Phase 2 feed.xlsx,,LST,,,,,,,,,
,,16-01-17-0991,document,IFD,,,,,,LIST OF PIPING SPECIALTY ITEMS,1,,9,1 of 3,,sahild Phase 2 feed.xlsx,,LST,,,,,,,,,
,,16-01-18-0985,document,IFD,,,,,,DATA SHEET FOR BALL VALVES,1,,9,1 of 3,,sahild Phase 2 feed.xlsx,,DAS,,,,,,,,,
,,16-01-18-0986,document,IFD,,,,,,DATA SHEET FOR CHECK VALVES,1,,9,1 of 3,,sahild Phase 2 feed.xlsx,,DAS,,,,,,,,,
,,16-01-18-0987,document,IFD,,,,,,DATA SHEET FOR GLOBE VALVES,1,,9,1 of 3,,sahild Phase 2 feed.xlsx,,DAS,,,,,,,,,
,,16-01-18-0988,document,IFD,,,,,,DATA SHEET FOR DBB VALVES,1,,9,1 of 3,,sahild Phase 2 feed.xlsx,,DAS,,,,,,,,,
,,16-01-18-0989,document,IFD,,,,,,DATA SHEET FOR GATE VALVES,1,,9,1 of 3,,sahild Phase 2 feed.xlsx,,DAS,,,,,,,,,
,,16-01-18-0990,document,IFD,,,,,,DATA SHEET FOR SPECIALTY ITEMS,1,,9,1 of 3,,sahild Phase 2 feed.xlsx,,DAS,,,,,,,,,
,,16-01-19-0992,document,AFT,,,,,,MATERIAL REQUISITION FOR BALL VALVES,1,,10,2 of 3,,sahild Phase 2 feed.xlsx,,REQ,,,,,,,,,
,,16-01-19-0993,document,AFT,,,,,,MATERIAL REQUISITION FOR CHECK VALVES,1,,10,2 of 3,,sahild Phase 2 feed.xlsx,,REQ,,,,,,,,,
,,16-01-19-0994,document,AFT,,,,,,MATERIAL REQUISITION FOR GLOBE VALVES,1,,10,2 of 3,,sahild Phase 2 feed.xlsx,,REQ,,,,,,,,,
,,16-01-19-0995,document,AFT,,,,,,MATERIAL REQUISITION FOR DBB VALVES,1,,10,2 of 3,,sahild Phase 2 feed.xlsx,,REQ,,,,,,,,,
,,16-01-19-0996,document,AFT,,,,,,PIPING MTO,2,,10,2 of 3,,sahild Phase 2 feed.xlsx,,MTO,,,,,,,,,
,,16-01-19-0997,document,AFT,,,,,,MATERIAL REQUISITION FOR GATE VALVES,1,,10,2 of 3,,sahild Phase 2 feed.xlsx,,REQ,,,,,,,,,
,,16-01-19-1020,document,IFD,,,,,,TIE-IN LIST,1,,10,2 of 3,,sahild Phase 2 feed.xlsx,,LST,,,,,,,,,
,,16-01-21-1007,drawing,IFD,,,,,,PIPING LAYOUT DRAWING FOR PIPING GA DRAWING-1 CDS AREA,1,,10,2 of 3,,sahild Phase 2 feed.xlsx,,DGA,,,,,,,,,
,,16-01-21-1008,drawing,IFD,,,,,,PIPING LAYOUT DRAWING FOR CDS AREA-2,1,,10,2 of 3,,sahild Phase 2 feed.xlsx,,DGA,,,,,,,,,
,,16-01-21-1009,drawing,IFD,,,,,,PIPING LAYOUT DRAWING FOR CDS AREA-3,1,,10,2 of 3,,sahild Phase 2 feed.xlsx,,DGA,,,,,,,,,
,,16-01-21-1010,drawing,IFD,,,,,,PIPING LAYOUT DRAWING FOR NEW TANK AREA,1,,10,2 of 3,,sahild Phase 2 feed.xlsx,,DGA,,,,,,,,,
,,16-01-21-1011,drawing,IFD,,,,,,PIPING LAYOUT DRAWING FOR NEW TANK AREA,1,,10,2 of 3,,sahild Phase 2 feed.xlsx,,DGA,,,,,,,,,
,,16-01-21-1012,drawing,IFD,,,,,,PIPING LAYOUT DRAWING FOR NEW TANK AREA,1,,10,2 of 3,,sahild Phase 2 feed.xlsx,,DGA,,,,,,,,,
,,16-01-21-1014,drawing,IFD,,,,,,PIPING LAYOUT DRAWING FOR PUMP AREA-1,1,,10,2 of 3,,sahild Phase 2 feed.xlsx,,DGA,,,,,,,,,
,,16-01-21-1015,drawing,IFD,,,,,,PIPING LAYOUT DRAWING FOR NEW PIPE RACK,1,,10,2 of 3,,sahild Phase 2 feed.xlsx,,DGA,,,,,,,,,
,,16-01-21-1016-0001,drawing,IFD,,,,,,PIPING LAYOUT DRAWING FOR NEW RACK AREA,1,,10,2 of 3,,sahild Phase 2 feed.xlsx,,DGA,,,,,,,,,
,,16-01-21-1016-0002,drawing,IFD,,,,,,PIPING LAYOUT DRAWING FOR PIPE RACK AREA,1,,10,2 of 3,,sahild Phase 2 feed.xlsx,,DGA,,,,,,,,,
,,16-01-21-1017,drawing,IFD,,,,,,PIPING LAYOUT DRAWING FOR MPFM AREA,1,,10,2 of 3,,sahild Phase 2 feed.xlsx,,DGA,,,,,,,,,
,,16-01-21-1018,drawing,IFD,,,,,,PIPING LAYOUT DRAWING FOR MPFM AREA,1,,10,2 of 3,,sahild Phase 2 feed.xlsx,,DGA,,,,,,,,,
,,16-01-21-1019,drawing,IFD,,,,,,PIPING LAYOUT WATER DISPOSAL WELL Sa-247 - SAHIL,1,,10,2 of 3,,sahild Phase 2 feed.xlsx,,DAL,,,,,,,,,
,,16-01-23-0998,document,IFD,,,,,,STRESS ANALYSIS REPORT OF VENT GAS LINE TO LP FLARE,1,,10,2 of 3,,sahild Phase 2 feed.xlsx,,REP,,,,,,,,,
,,16-01-23-1000,document,IFD,,,,,,STRESS ANALYSIS REPORT OF MPFM FT-0605 TO V-0313 PRODUCTION HEADER,1,,10,2 of 3,,sahild Phase 2 feed.xlsx,,REP,,,,,,,,,
,,16-01-23-0999,document,IFD,,,,,,STRESS ANALYSIS REPORT OF RELIEF GAS LINE TO MPFM FT-0605,1,,11,3 of 3,,sahild Phase 2 feed.xlsx,,REP,,,,,,,,,
,,16-01-23-1001,document,IFD,,,,,,PRELIMINARY STRESS ANALYSIS REPORT OF DISPOSAL WATER PUMP LINES (GRE),1,,11,3 of 3,,sahild Phase 2 feed.xlsx,,REP,,,,,,,,,
,,16-01-23-1021,document,IFD,,,,,,PIPING TIE-IN SKETCHES (25 SHEETS),1,,11,3 of 3,,sahild Phase 2 feed.xlsx,,SCH,,,,,,,,,
,,16-01-25-1005,drawing,IFD,,,,,,PLOT PLAN AREA 3  - MPFM AREA SAHIL CDS,1,,11,3 of 3,,sahild Phase 2 feed.xlsx,,DAL,,,,,,,,,
,,16-01-90-0601,document,IFD,,,,,,3D MODEL REVIEW PROCEDURE FOR FEED,1,,11,3 of 3,,sahild Phase 2 feed.xlsx,,PRO,,,,,,,,,
,,16-01-90-1026,document,IFD,,,,,,3D CAD MODELING & 2D EXTRACTION PROCEDURES,1,,11,3 of 3,,sahild Phase 2 feed.xlsx,,PRO,,,,,,,,,
,,16-01-91-0815,document,IFI,,,,,,60% MODEL REVIEW REPORT,1,,11,3 of 3,,sahild Phase 2 feed.xlsx,,REP,,,,,,,,,
,,16-01-91-1025,document,IFD,,,,,,3D MODEL EXECUTION PHILOSOPHY,2,,11,3 of 3,,sahild Phase 2 feed.xlsx,,PHL,,,,,,,,,
,,16-01-91-1026,document,IFI,,,,,,90% MODEL REVIEW REPORT,1,,11,3 of 3,,sahild Phase 2 feed.xlsx,,REP,,,,,,,,,
,,16-01-91-1027,document,IFI,,,,,,60%  MODEL REVIEW CLOSE OUT REPORT,1,,11,3 of 3,,sahild Phase 2 feed.xlsx,,REP,,,,,,,,,
,,16-01-91-1029,document,IFI,,,,,,90%  MODEL REVIEW CLOSE OUT REPORT,1,,11,3 of 3,,sahild Phase 2 feed.xlsx,,REP,,,,,,,,,
,,16-78-12-0601,document,IFD,,,,,,SPECIFICATION FOR GRE PIPELINE & FITTINGS,1,,12,,,sahild Phase 2 feed.xlsx,,SPC,,,,,,,,,
,,16-78-19-0602,document,IFD,,,,,,SCOPE OF WORK FOR GRE VENDORS FOR DETAIL DESIGN & EXECUTION,1,,12,,,sahild Phase 2 feed.xlsx,,SOW,,,,,,,,,
,,16-78-22-0601,drawing,IFD,,,,,,"SITE LAYOUT - 6"" PROPOSED WATER DISPOSAL FLOW LINE FROM SHAIL CDS TO NEW WATER DISPOSAL WELL (Sa 247)",1,,12,,,sahild Phase 2 feed.xlsx,,DWG,,,,,,,,,
,,16-78-22-0602,drawing,IFD,,,,,,"PIPELINE ALIGNMENT SHEET 6"" WATER DISPOSAL PIPELINE (SAHIL CDS TO Sa-247) (CH. KM 0+000 TO 0+592.4)",1,,12,,,sahild Phase 2 feed.xlsx,,DWG,,,,,,,,,
,,16-78-23-0601,document,IFD,,,,,,MATERIAL REQUISITION FOR GRE PIPES & FITTINGS,1,,12,,,sahild Phase 2 feed.xlsx,,REQ,,,,,,,,,
,,16-01-01-1136,document,IFD,,,,,,HAZARDOUS AREA CLASSIFICATION SCHEDULE,2,,13,,,sahild Phase 2 feed.xlsx,,LST,,,,,,,,,
,,16-01-01-1138,drawing,IFD,,,,,,HAZARDOUS AREA CLASSIFICATION LAYOUT - SAHIL CDS (2 SHEETS),1,,13,,,sahild Phase 2 feed.xlsx,,DHZ,,,,,,,,,
,,16-01-42-1134,drawing,IFD,,,,,,FIRE & GAS SYSTEM CAUSE AND EFFECT DIAGRAM,1,,13,,,sahild Phase 2 feed.xlsx,,DCE,,,,,,,,,
,,16-01-45-1133-0001,drawing,IFD,,,,,,F&G DETECTORS LOCATION LAYOUT SAHIL CDS,2,,13,,,sahild Phase 2 feed.xlsx,,DAL,,,,,,,,,
,,16-01-45-1133-0002,drawing,IFD,,,,,,F&G DETECTORS LOCATION LAYOUT SAHIL CDS,2,,13,,,sahild Phase 2 feed.xlsx,,DAL,,,,,,,,,
,,16-01-88-1132,drawing,IFD,,,,,,FIRE FIGHTING & SAFETY EQUIPMENT LAYOUT  - SAHIL CDS (2 SHEETS),1,,13,,,sahild Phase 2 feed.xlsx,,DAL,,,,,,,,,
,,16-01-88-1135,drawing,IFD,,,,,,ESCAPE ROUTE & SAFETY EQUIPMENT LAYOUT  - SAHIL CDS (2 SHEETS),1,,13,,,sahild Phase 2 feed.xlsx,,DAL,,,,,,,,,
,,16-01-88-1137,drawing,IFD,,,,,,SAFETY SIGNS LAYOUT - SAHIL CDS (2 SHEETS),1,,13,,,sahild Phase 2 feed.xlsx,,DAL,,,,,,,,,
,,16-01-88-1139,drawing,IFD,,,,,,FIRE PROOFING ZONES LAYOUT  - SAHIL CDS,1,,13,,,sahild Phase 2 feed.xlsx,,DAL,,,,,,,,,
,,16-99-84-1130,document,IFD,,,,,,"FIRE FIGHTING & SAFETY EQUIPMENTS, SAFETY SIGNS SPECIFICATION",1,,13,,,sahild Phase 2 feed.xlsx,,SPC,,,,,,,,,
,,16-99-85-1131,document,IFD,,,,,,"FIRE FIGHTING & SAFETY EQUIPMENTS, SAFETY SIGNS DATA SHEET",1,,13,,,sahild Phase 2 feed.xlsx,,DAS,,,,,,,,,
,,16-99-91-1121,document,IFD,,,,,,HSE PLAN,2,,13,,,sahild Phase 2 feed.xlsx,,PLN,,,,,,,,,
,,16-99-91-1122,document,IFD,,,,,,HSE PHILOSOPHY,2,,13,,,sahild Phase 2 feed.xlsx,,PHL,,,,,,,,,
,,16-99-91-1128,document,IFU,,,,,,HAZARD & EFFECT REGISTER,1,,13,,,sahild Phase 2 feed.xlsx,,REP,,,,,,,,,
,,16-99-91-1129,document,IFU,,,,,,HSE ACTION TRACKING REGISTER,1,,13,,,sahild Phase 2 feed.xlsx,,REG,,,,,,,,,
,,16-99-91-1141,document,IFU,,,,,,FIRE SAFETY ASSESSMENT STUDY REPORT,2,,13,,,sahild Phase 2 feed.xlsx,,REP,,,,,,,,,
,,16-99-97-1123,document,IFU,,,,,,HAZID REPORT,1,,13,,,sahild Phase 2 feed.xlsx,,REP,,,,,,,,,
,,16-99-97-1124,document,IFU,,,,,,HAZID CLOSE OUT REPORT,1,,13,,,sahild Phase 2 feed.xlsx,,REP,,,,,,,,,
,,16-99-97-1125,document,IFU,,,,,,HAZOP REPORT,1,,13,,,sahild Phase 2 feed.xlsx,,REP,,,,,,,,,
,,16-99-97-1126,document,IFU,,,,,,HAZOP CLOSE OUT REPORT,1,,13,,,sahild Phase 2 feed.xlsx,,REP,,,,,,,,,
,,16-99-97-1127,document,IFI,,,,,,PHSER CLOSE OUT REPORT,1,,13,,,sahild Phase 2 feed.xlsx,,REP,,,,,,,,,
,,16-99-97-1140,document,IFU,,,,,,PHSER - II  REVIEW REPORT,1,,13,,,sahild Phase 2 feed.xlsx,,REP,,,,,,,,,
,,16-99-97-1141,document,IFU,,,,,,SIMOPS WORKSHOP REPORT,1,,13,,,sahild Phase 2 feed.xlsx,,REP,,,,,,,,,
,,16-99-97-1142,document,IFU,,,,,,CONSTRUCTABILITY REVIEW REPORT,1,,13,,,sahild Phase 2 feed.xlsx,,REP,,,,,,,,,
,,16-01-76-0602,drawing,IFD,,,,,,"DETAILS FOR CULVERT, TYPICAL CABLE TRENCH & DUCT BANK - SAHIL CDS",2,,14,,,sahild Phase 2 feed.xlsx,,DWG,,,,,,,,,
,,16-01-76-0603,drawing,IFD,,,,,,FOUNDATION FOR PRODUCED WATER TANK T-2403 - SAHIL CDS,1,,14,,,sahild Phase 2 feed.xlsx,,DWG,,,,,,,,,
,,16-01-76-0604,drawing,IFD,,,,,,FOUNDATION FOR PUMPS P-2407/2408 & SHELTER LAYOUT & DETAILS -  SAHIL CDS,1,,14,,,sahild Phase 2 feed.xlsx,,DAL,,,,,,,,,
,,16-01-76-0605-0001,drawing,IFD,,,,,,SHELTER FOR PUMPS P-2407/2408 STEEL STRUCTURE PLAN AND BASE PLATE DETAILS - SAHIL CDS,1,,14,,,sahild Phase 2 feed.xlsx,,DAL,,,,,,,,,
,,16-01-76-0605-0002,drawing,IFD,,,,,,SHELTER FOR PUMPS P-2407/2408 STEEL STRUCTURE ELEVATION - SAHIL CDS,1,,14,,,sahild Phase 2 feed.xlsx,,DAL,,,,,,,,,
,,16-01-76-0605-0003,drawing,IFD,,,,,,SHELTER FOR PUMPS P-2407/2408 STEEL STRUCTURE DETAILS - SAHIL CDS,1,,14,,,sahild Phase 2 feed.xlsx,,DAL,,,,,,,,,
,,16-01-76-0605-0004,drawing,IFD,,,,,,SHELTER FOR PUMPS P-2407/2408 STEEL STRUCTURE DETAILS - SAHIL CDS,1,,14,,,sahild Phase 2 feed.xlsx,,DAL,,,,,,,,,
,,16-01-76-0606,drawing,IFD,,,,,,SHELTER FOR PUMPS P-2407/2408 FOUNDATION DETAILS - SAHIL CDS,1,,14,,,sahild Phase 2 feed.xlsx,,DAL,,,,,,,,,
,,16-01-76-0607,drawing,IFD,,,,,,PIPE RACK - 01 & 02 FOUNDATION LAYOUT & DTAILS - SAHIL CDS,1,,14,,,sahild Phase 2 feed.xlsx,,DAL,,,,,,,,,
,,16-01-76-0608-0001,drawing,IFD,,,,,,PIPE RACK - 01 STEEL STRUCTURE PLANS AND BASE PLATE DETAIL - SAHIL CDS,1,,14,,,sahild Phase 2 feed.xlsx,,DAL,,,,,,,,,
,,16-01-76-0608-0002,drawing,IFD,,,,,,PIPE RACK - 02 STEEL STRUCTURE PLANS AND BASE PLATE DETAIL - SAHIL CDS,1,,14,,,sahild Phase 2 feed.xlsx,,DAL,,,,,,,,,
,,16-01-76-0609-0001,drawing,IFD,,,,,,PIPE RACK - 01 STEEL STRUCTURE ELEVATION AND DETAILS - SAHIL CDS,1,,14,,,sahild Phase 2 feed.xlsx,,DAL,,,,,,,,,
,,16-01-76-0609-0002,drawing,IFD,,,,,,PIPE RACK - 02 STEEL STRUCTURE ELEVATION AND DETAILS - SAHIL CDS,1,,14,,,sahild Phase 2 feed.xlsx,,DAL,,,,,,,,,
,,16-01-76-0609-0003,drawing,IFD,,,,,,PIPE RACK - 02 STAIRCASE DETAILS - SAHIL CDS,1,,14,,,sahild Phase 2 feed.xlsx,,DAL,,,,,,,,,
,,16-01-76-0609-0004,drawing,IFD,,,,,,TYPICAL PIPE SUPPORT & SLEEPER FOUNDATION DETAILS & LAYOUT - SAHIL CDS,2,,14,,,sahild Phase 2 feed.xlsx,,DWG,,,,,,,,,
,,16-01-76-0622,drawing,IFD,,,,,,PIPE SUPPORT FOUNDATION AND STRUCTURAL DETAILS - SAHIL CDS,1,,14,,,sahild Phase 2 feed.xlsx,,DWG,,,,,,,,,
,,16-01-76-0623,drawing,IFD,,,,,,FOUNDATION LAYOUT & DETAILS MPFM AREA - SAHIL CDS,1,,14,,,sahild Phase 2 feed.xlsx,,DWG,,,,,,,,,
,,16-01-76-0624,drawing,IFD,,,,,,STRUCUTRAL STEEL PLAN AND ELEVATION MPFM AREA - SAHIL CDS,1,,14,,,sahild Phase 2 feed.xlsx,,DWG,,,,,,,,,
,,16-01-77-0601,document,IFD,,,,,,BILL OF QUANTITIES – CIVIL & STRUCTURAL,2,,14,,,sahild Phase 2 feed.xlsx,,BOM,,,,,,,,,
,,16-01-79-0601-0001,drawing,IFD,,,,,,CIVIL GENERAL ARRANGEMENT LAYOUT AREA 'C' - SAHIL CDS,1,,14,,,sahild Phase 2 feed.xlsx,,DAL,,,,,,,,,
,,16-01-79-0601-0002,drawing,IFD,,,,,,CIVIL GENERAL ARRANGEMENT LAYOUT AREA 'D' - SAHIL CDS,1,,14,,,sahild Phase 2 feed.xlsx,,DAL,,,,,,,,,
,,16-01-79-0601-0003,drawing,IFD,,,,,,CIVIL GENERAL ARRANGEMENT LAYOUT AREA 'F' - SAHIL CDS,2,,14,,,sahild Phase 2 feed.xlsx,,DAL,,,,,,,,,
,,16-01-79-0601-0004,drawing,IFD,,,,,,CIVIL GENERAL ARRANGEMENT LAYOUT AREA 'V' - SAHIL CDS,1,,14,,,sahild Phase 2 feed.xlsx,,DAL,,,,,,,,,
,,16-01-79-0601-0005,drawing,IFD,,,,,,CIVIL GENERAL ARRANGEMENT LAYOUT AREA 'X' - SAHIL CDS,1,,14,,,sahild Phase 2 feed.xlsx,,DAL,,,,,,,,,
,,16-01-79-0601-0006,drawing,IFD,,,,,,CIVIL GENERAL ARRANGEMENT LAYOUT AREA 'Y' - SAHIL CDS,1,,14,,,sahild Phase 2 feed.xlsx,,DAL,,,,,,,,,
,,16-01-83-0601,document,IFD,,,,,,PRODUCED WATER TANK FOUNDATION CACULATION - T2403,1,,14,,,sahild Phase 2 feed.xlsx,,CAL,,,,,,,,,
,,16-01-83-0602,document,IFD,,,,,,CIVIL AND STRUCTURAL CALCULATION NOTE FOR PUMP SHELTER AND PUMP FOUNDATION (P-2407 AND P2408),1,,14,,,sahild Phase 2 feed.xlsx,,CAL,,,,,,,,,
,,16-01-83-0611,document,IFD,,,,,,"CIVIL AND STRUCTURAL CALCULATION NOTE FOR PIPERACK-01 & 02, SLEEPER & PIPE SUPPORTS",1,,14,,,sahild Phase 2 feed.xlsx,,CAL,,,,,,,,,
,,16-71-76-0601-0001,drawing,IFD,,,,,,WATER DISPOSAL WELL FOUNDATION LAYOUT & STRUCTURAL STEEL DETAILS Sa-247,2,,14,,,sahild Phase 2 feed.xlsx,,DAL,,,,,,,,,
,,16-71-76-0601-0002,drawing,IFD,,,,,,WATER DISPOSAL WELL FOUNDATION LAYOUT & DETAILS  Sa-247,2,,14,,,sahild Phase 2 feed.xlsx,,DAL,,,,,,,,,
